,cv-folds,dataset,estimator,train_accuracy,test_accuracy,fss_nogueira,fss_lustgarten,avg_features,all_features,runs
0,5,COAD,LR,1.0,0.7537112010796221,0.3185139940050874,0.35171870645213943,99.0,99520,5
1,5,COAD,SVM,1.0,0.7118758434547908,0.2787346725995534,0.28373812692614375,108.4,99520,5
2,10,COAD,LR,1.0,0.7589473684210526,0.4923323903818143,0.5371986818200392,112.8,99520,10
3,10,COAD,SVM,1.0,0.6960526315789474,0.42950859319655377,0.43783743991138124,120.1,99520,10
