cv-folds,dataset,estimator,omics,train_accuracy,test_accuracy,fss_nogueira,avg_features,all_features,runs
5,COAD,LR_C025,clinical,0.5820404770095173,0.5428250112460639,0.6230307576894223,2.8666666666666667,7,15
5,COAD,LR_C05,clinical,0.6239364751748653,0.5672064777327935,0.5557692307692307,4.333333333333333,7,15
5,COAD,SVM_C035,clinical,0.6326510721247564,0.5637426900584795,0.4485294117647062,5.866666666666666,7,15
5,COAD,SVM_C05,clinical,0.6308995528035776,0.5637876743139901,0.2700156985871274,6.066666666666666,7,15
10,COAD,LR_C025,clinical,0.592764857881137,0.530438596491228,0.5747411653974501,3.1,7,30
10,COAD,LR_C05,clinical,0.6288567024797135,0.5930701754385965,0.7783567548417571,4.866666666666666,7,30
10,COAD,SVM_C035,clinical,0.6267113196427762,0.5705263157894737,0.48334975369458144,5.833333333333333,7,30
10,COAD,SVM_C05,clinical,0.6253592637925564,0.5616666666666666,0.28444868474853446,6.233333333333333,7,30
